user,cjsdn3peh02fd08850wvudcwt,cjsdn3v7d02fh0885qldhfqyj,cjsdn3yun02fl088594dlaoh7
89,0,0.585786437626905,0.41421356237309503
55,0,1.0,1.0
